-4.677624,1.933328,-13.191260,-4.677624,1.933328,-13.191260,-4.677624,1.933328,-13.191260,-4.677624,1.933328,-13.191260,-4.677624,1.933328,-13.191260,-4.677624,1.933328,-13.191260,-4.677624,1.933328,-13.191260,-4.677624,1.933328,-13.191260,-4.677624,1.933328,-13.191260
-4.677624,1.933328,-13.191260,-4.270319,0.426311,-1.142495,-4.677624,1.933328,-13.191260,-5.091129,0.699636,-0.990393,-4.677624,1.933328,-13.191260,-4.677624,1.933328,-13.191260,-4.677624,1.933328,-13.191260,-4.677624,1.933328,-13.191260,-2.519586,-4.605260,-0.159109
-4.677624,1.933328,-13.191260,-4.270319,0.426311,-1.142495,-4.677624,1.933328,-13.191260,-5.083667,0.694618,-1.050440,-4.677624,1.933328,-13.191260,-4.677624,1.933328,-13.191260,-4.677624,1.933328,-13.191260,-4.677624,1.933328,-13.191260,-2.522148,-4.602347,-0.139517
-4.677624,1.933328,-13.191260,-4.270319,0.426311,-1.142495,-4.677624,1.933328,-13.191260,-5.088499,0.714081,-1.049501,-4.677624,1.933328,-13.191260,-4.677624,1.933328,-13.191260,-4.677624,1.933328,-13.191260,-4.677624,1.933328,-13.191260,-2.523357,-4.608154,-0.156398
-4.677624,1.933328,-13.191260,-4.332645,0.362671,-1.140287,-4.677624,1.933328,-13.191260,-5.090879,0.701673,-0.984302,-4.677624,1.933328,-13.191260,-4.677624,1.933328,-13.191260,-4.677624,1.933328,-13.191260,-4.677624,1.933328,-13.191260,-2.505920,-4.597260,-0.147607
-4.677624,1.933328,-13.191260,-4.332645,0.362671,-1.140287,-4.677624,1.933328,-13.191260,-5.090879,0.701673,-0.984302,-4.677624,1.933328,-13.191260,-4.677624,1.933328,-13.191260,-4.677624,1.933328,-13.191260,-4.677624,1.933328,-13.191260,-2.505122,-4.603784,-0.138960
-4.677624,1.933328,-13.191260,-4.406617,0.321594,-1.158014,-4.290060,-2.790466,1.141011,-5.121130,0.743490,-1.049070,-4.677624,1.933328,-13.191260,-4.677624,1.933328,-13.191260,-4.677624,1.933328,-13.191260,-4.677624,1.933328,-13.191260,-2.533207,-4.575937,-0.155713
-3.962387,0.315465,-0.532714,-2.442600,-2.274709,-0.184601,-4.246472,-2.786823,1.142519,-5.077890,0.719430,-1.061710,-4.677624,1.933328,-13.191260,-4.677624,1.933328,-13.191260,-1.855377,-1.991023,0.623298,-4.677624,1.933328,-13.191260,-2.546459,-4.571565,-0.158955
-4.052528,0.255263,-0.593502,-2.338286,-2.263583,-0.129606,-4.253764,-2.793556,1.141250,-5.088950,0.714359,-1.055966,-4.677624,1.933328,-13.191260,-4.677624,1.933328,-13.191260,-1.915585,-1.982517,0.585355,-4.677624,1.933328,-13.191260,-2.546459,-4.571565,-0.158955
-0.730017,-1.536280,0.730715,-2.210632,-2.231603,-0.144121,-4.268357,-2.807030,1.138713,-5.087050,0.651573,-1.043060,-4.677624,1.933328,-13.191260,-4.677624,1.933328,-13.191260,-1.915528,-1.939892,0.689075,-4.677624,1.933328,-13.191260,-2.553632,-4.596100,-0.153095
-4.276341,0.102375,-0.564131,-2.418002,-2.291094,-0.086870,-4.256204,-2.790381,1.136066,-4.960639,0.789984,-1.020172,-4.677624,1.933328,-13.191260,-4.677624,1.933328,-13.191260,-1.905901,-1.954355,0.707648,-4.677624,1.933328,-13.191260,-2.578646,-4.612670,-0.156473
-0.808165,-1.608770,0.760172,-2.317991,-2.279120,-0.077493,-4.270801,-2.803853,1.133532,-5.193756,0.671780,-1.016595,-4.677624,1.933328,-13.191260,-4.677624,1.933328,-13.191260,-1.905901,-1.954355,0.707648,-4.677624,1.933328,-13.191260,-2.520338,-4.555332,-0.145815
-0.808165,-1.608770,0.760172,-2.381095,-2.322203,-0.121164,-4.261059,-2.800292,1.139980,-1.451946,-1.553373,0.791954,-2.904823,-2.422879,1.548018,-4.677624,1.933328,-13.191260,-1.905901,-1.954355,0.707648,-4.677624,1.933328,-13.191260,-2.464161,-4.507257,-0.113878
-0.808165,-1.608770,0.760172,-4.505726,0.270168,-1.179242,-4.301653,-2.790691,1.150610,-5.220447,0.698961,-1.062736,-2.919523,-2.419098,1.550245,-4.677624,1.933328,-13.191260,-1.804427,-1.945170,0.696301,-4.677624,1.933328,-13.191260,-2.529079,-4.486280,-0.120331
-4.242663,0.116783,-0.563928,-2.479882,-2.310127,-0.070197,-4.307035,-2.793464,1.134442,-5.216320,0.724466,-1.034591,-2.907379,-2.428947,1.536186,-4.677624,1.933328,-13.191260,-1.804427,-1.945170,0.696301,-4.677624,1.933328,-13.191260,-2.475435,-4.472650,-0.083733
-4.038324,0.179481,-0.606799,-2.339458,-2.292865,-0.064278,-4.304610,-2.796650,1.139642,-5.219930,0.681180,-1.027137,-2.892320,-2.432010,1.538175,-4.677624,1.933328,-13.191260,-1.762183,-1.919103,0.701834,-4.677624,1.933328,-13.191260,-2.481943,-4.493325,-0.116047
-4.118792,0.140313,-0.559061,-2.401821,-2.302853,-0.039965,-4.311883,-2.796085,1.139568,-5.152573,0.665548,-1.018902,-2.904658,-2.430963,1.545872,-4.677624,1.933328,-13.191260,-1.762183,-1.919103,0.701834,-4.677624,1.933328,-13.191260,-2.494352,-4.501662,-0.117675
-4.221196,0.096586,-0.559575,-2.420822,-2.311372,-0.050648,-4.319160,-2.802860,1.138259,-5.221431,0.681898,-1.017105,-2.900038,-2.430852,1.535063,-4.677624,1.933328,-13.191260,-1.887168,-1.997183,0.677565,-4.677624,1.933328,-13.191260,-2.495614,-4.507287,-0.134460
-3.940739,0.209026,-0.570858,-2.395072,-2.272956,-0.081337,-4.309450,-2.782933,1.130478,-1.430071,-1.542613,0.813595,-2.924586,-2.420020,1.556840,-4.677624,1.933328,-13.191260,-1.956727,-1.948049,0.732405,-4.677624,1.933328,-13.191260,-2.486504,-4.483605,-0.114925
-0.754761,-1.639549,0.826037,-2.307812,-2.218308,-0.104548,-4.307029,-2.786127,1.135675,-5.254354,0.666939,-1.029297,-2.902265,-2.416805,1.559859,-4.677624,1.933328,-13.191260,-1.930117,-1.899732,0.478021,-4.677624,1.933328,-13.191260,-2.477824,-4.521262,-0.132313
-0.754761,-1.639549,0.826037,-2.432884,-2.291600,-0.166157,-4.318626,-2.793718,1.144014,-5.219275,0.680960,-1.050069,-2.909687,-2.431852,1.552464,-4.677624,1.933328,-13.191260,-1.819559,-1.961053,0.598983,-4.677624,1.933328,-13.191260,-2.515642,-4.483907,-0.115372
-0.809803,-1.665022,0.821524,-2.457945,-2.271348,-0.045038,-4.316200,-2.796897,1.149214,-1.962363,-6.545791,-2.099296,-2.924586,-2.420020,1.556840,-4.677624,1.933328,-13.191260,-1.819559,-1.961053,0.598983,-4.677624,1.933328,-13.191260,-2.497091,-4.519419,-0.152703
-0.758121,-1.617218,0.801491,-2.318770,-2.262886,-0.046522,-4.316200,-2.796897,1.149214,-5.244173,0.672464,-1.047919,-2.929254,-2.431367,1.537380,-4.677624,1.933328,-13.191260,-1.885364,-1.876696,0.744589,-4.677624,1.933328,-13.191260,-2.517031,-4.490287,-0.127000
-1.643211,-2.014024,0.449094,-2.195185,-2.234931,-0.095609,-4.325902,-2.800491,1.142697,-1.950228,-6.495472,-2.033749,-2.931690,-2.409278,1.564288,-4.677624,1.933328,-13.191260,-1.939337,-1.825364,0.822021,-4.677624,1.933328,-13.191260,-2.455835,-4.514148,-0.117783
-1.467167,-1.981754,0.327257,-2.077090,-2.172355,-0.156050,-4.328332,-2.797307,1.137506,-1.956148,-6.458850,-2.049995,-2.938843,-2.415473,1.563224,-4.677624,1.933328,-13.191260,-2.313539,-2.107128,0.857212,-4.677624,1.933328,-13.191260,-2.460080,-4.492015,-0.108341
-3.443540,0.212393,-0.748726,-1.944498,-2.125468,-0.116463,-4.355053,-2.811250,1.123221,-1.916733,-6.433646,-2.003789,-2.922247,-2.405871,1.570843,-4.677624,1.933328,-13.191260,-2.607274,-2.174323,0.923827,-4.677624,1.933328,-13.191260,-2.455511,-4.501728,-0.109460
-1.256818,-2.037040,0.480215,-1.973827,-2.188654,-0.022835,-4.316204,-2.780572,1.134944,-2.837446,-2.450833,0.376703,-2.929395,-2.412064,1.569779,-4.677624,1.933328,-13.191260,-2.784495,-2.346470,0.939243,-4.677624,1.933328,-13.191260,-2.422357,-4.442040,-0.086806
-1.284708,-2.075649,0.870388,-1.992477,-2.195284,0.124771,-4.336114,-2.774866,1.119833,-4.821067,0.673348,-0.938390,-2.905674,-2.396273,1.578475,-4.677624,1.933328,-13.191260,-2.848897,-2.280759,1.034341,-4.677624,1.933328,-13.191260,-2.447379,-4.471226,-0.098379
-1.307249,-2.084243,0.985542,-1.847135,-2.148853,0.234262,-4.360366,-2.792012,1.110693,-4.960878,0.630417,-0.903118,-2.936543,-2.418258,1.568716,-4.677624,1.933328,-13.191260,-2.621435,-2.435990,0.864600,-4.677624,1.933328,-13.191260,-2.429895,-4.497527,-0.104537
-1.316764,-2.153415,0.959297,-1.807105,-2.136140,0.248344,-4.342886,-2.770736,1.107694,-4.941407,0.571349,-0.868676,-2.953151,-2.427869,1.561103,-4.677624,1.933328,-13.191260,-2.609437,-2.410784,0.924395,-4.677624,1.933328,-13.191260,-2.416703,-4.417027,-0.102579
-1.213252,-2.046758,1.039862,-1.826200,-2.157492,0.294673,-4.340457,-2.773957,1.112847,-2.818304,-2.463627,0.516389,-2.962618,-2.431282,1.554563,-4.677624,1.933328,-13.191260,-2.633265,-2.394550,0.940669,-4.677624,1.933328,-13.191260,-2.410595,-4.408737,-0.078571
-1.266047,-2.120038,0.899040,-1.895396,-2.179981,0.242103,-4.342924,-2.778071,1.106505,-5.196041,0.390165,-0.851329,-2.955458,-2.425080,1.555619,-4.677624,1.933328,-13.191260,-2.633905,-2.412500,0.903687,-4.677624,1.933328,-13.191260,-2.447771,-4.440656,-0.085004
-1.382349,-2.057977,0.934589,-1.934509,-2.155942,0.212046,-4.338057,-2.784506,1.116809,-5.209257,0.560721,-0.927584,-2.953151,-2.427869,1.561103,-4.677624,1.933328,-13.191260,-1.717186,-1.921359,1.153628,-4.677624,1.933328,-13.191260,-2.443331,-4.455974,-0.092834
-1.469788,-2.108740,0.738574,-2.173822,-2.250019,-0.071850,-2.580332,-6.843123,-1.091505,-5.198399,0.583781,-1.028217,-2.938843,-2.415473,1.563224,-4.677624,1.933328,-13.191260,-1.769200,-1.896361,1.087088,-4.677624,1.933328,-13.191260,-2.443629,-4.468418,-0.101189
-1.464719,-2.038909,0.906555,-2.156115,-2.167706,-0.008631,-2.576135,-6.838208,-1.091353,-5.027554,0.708519,-1.027544,-2.936543,-2.418258,1.568716,-4.677624,1.933328,-13.191260,-1.769200,-1.896361,1.087088,-4.677624,1.933328,-13.191260,-2.477409,-4.459987,-0.095419
-1.554552,-2.122217,0.560689,-2.084547,-2.178455,-0.027073,-4.323482,-2.787341,1.133630,-4.951996,0.698970,-0.997909,-2.938843,-2.415473,1.563224,-4.677624,1.933328,-13.191260,-1.670206,-1.987187,0.956980,-4.677624,1.933328,-13.191260,-2.469268,-4.429625,-0.084398
-1.463513,-2.184913,0.495672,-1.994123,-2.199125,-0.045118,-4.325910,-2.784145,1.128453,-5.117356,0.470802,-0.948440,-2.941393,-2.427235,1.573151,-4.677624,1.933328,-13.191260,-1.604019,-1.846381,0.929047,-4.677624,1.933328,-13.191260,-2.459213,-4.455775,-0.078137
-1.432717,-2.211994,0.460678,-1.949060,-2.196005,0.012474,-4.325910,-2.784145,1.128453,-5.108500,0.429586,-0.930182,-2.943693,-2.424456,1.567654,-4.677624,1.933328,-13.191260,-2.152318,-2.170653,0.976460,-4.677624,1.933328,-13.191260,-2.462613,-4.446249,-0.067069
-1.346507,-2.286054,0.369893,-1.799879,-2.202745,0.045955,-4.338057,-2.784506,1.116809,-5.135517,0.279794,-0.880971,-2.917666,-2.411430,1.581851,-4.677624,1.933328,-13.191260,-2.674073,-2.253273,1.226936,-4.677624,1.933328,-13.191260,-2.446514,-4.435108,-0.068250
-1.291943,-2.236879,0.548377,-1.898146,-2.285597,0.046678,-4.353120,-2.783400,1.095443,-5.130716,0.292890,-0.873348,-2.912814,-2.402462,1.577409,-4.677624,1.933328,-13.191260,-1.762998,-1.461940,1.322180,-4.677624,1.933328,-13.191260,-2.451077,-4.425447,-0.067157
-1.010305,-1.882082,0.668463,-1.589806,-2.111366,0.127614,-4.340974,-2.783081,1.107058,-5.182633,0.250472,-0.847990,-2.943693,-2.424456,1.567654,-4.677624,1.933328,-13.191260,-1.381551,-1.654105,1.154320,-4.677624,1.933328,-13.191260,-2.434714,-4.450407,-0.088404
-0.797120,-1.799222,0.674644,-1.385562,-2.044124,0.178609,-4.322111,-2.783340,1.097595,-5.080784,0.252680,-0.795488,-2.936543,-2.418258,1.568716,-4.677624,1.933328,-13.191260,-1.446845,-1.976182,1.127535,-4.677624,1.933328,-13.191260,-2.440129,-4.428240,-0.089007
-0.582742,-1.737660,0.576973,-1.192404,-2.038053,0.098753,-2.377189,-6.692843,-1.058409,-4.967638,0.164996,-0.780683,-2.933988,-2.406486,1.558801,-4.677624,1.933328,-13.191260,-1.257848,-1.811058,1.111692,-4.677624,1.933328,-13.191260,-2.463759,-4.410196,-0.106791
-0.577249,-1.737771,0.482828,-1.113078,-2.010611,-0.018761,-4.033419,-2.663468,1.150623,-4.616809,0.268977,-0.828560,-2.926834,-2.400291,1.559862,-4.677624,1.933328,-13.191260,-1.233746,-1.778202,1.098464,-4.677624,1.933328,-13.191260,-2.535467,-4.531732,-0.153280
-0.510788,-1.780181,0.309499,-1.108266,-2.005900,-0.121556,-3.953412,-2.635878,1.155623,-4.508572,0.270388,-0.865310,-2.926834,-2.400291,1.559862,-4.677624,1.933328,-13.191260,-1.046922,-1.832755,1.150774,-4.677624,1.933328,-13.191260,-2.576838,-4.596452,-0.170338
-0.488347,-1.800981,0.086235,-1.079691,-1.921131,-0.243170,-3.926672,-2.614820,1.171022,-0.912227,-1.665226,0.657845,-2.926834,-2.400291,1.559862,-4.677624,1.933328,-13.191260,-1.065756,-1.821327,1.180969,-4.677624,1.933328,-13.191260,-2.589132,-4.623077,-0.171272
-3.619581,-0.685695,-0.710484,-1.130632,-1.931367,-0.242127,-3.944424,-2.626788,1.136942,-0.950702,-1.674504,0.640875,-2.919682,-2.394098,1.560926,-4.677624,1.933328,-13.191260,-1.061352,-1.834348,1.152652,-4.677624,1.933328,-13.191260,-2.624728,-4.662706,-0.203968
-3.794276,-0.776581,-0.724863,-1.185854,-1.901098,-0.243397,-3.931875,-2.609943,1.155995,-4.617670,0.234141,-0.913371,-2.919682,-2.394098,1.560926,-4.677624,1.933328,-13.191260,-1.066895,-1.825840,1.167867,-4.677624,1.933328,-13.191260,-2.642510,-4.648262,-0.206003
-0.591625,-1.841981,-0.043612,-1.258116,-1.919336,-0.307801,-3.953754,-2.629767,1.152389,-4.779954,0.111006,-0.964803,-2.924540,-2.403083,1.565349,-4.677624,1.933328,-13.191260,-1.018064,-1.834775,1.157720,-4.677624,1.933328,-13.191260,-2.610977,-4.648587,-0.185306
0.127253,-1.619605,0.258477,-1.256217,-1.907688,-0.392349,-3.921772,-2.597488,1.168465,-0.937346,-1.644743,0.628130,-2.919682,-2.394098,1.560926,-4.677624,1.933328,-13.191260,-1.051502,-1.843601,1.130651,-4.677624,1.933328,-13.191260,-2.624262,-4.643992,-0.188481
-0.509240,-1.895234,-0.235433,-1.248103,-1.915119,-0.451719,-3.939519,-2.616994,1.132940,-0.906343,-1.658467,0.607762,-2.924267,-2.388496,1.549968,-4.677624,1.933328,-13.191260,-1.053764,-1.857715,1.115222,-4.677624,1.933328,-13.191260,-2.620753,-4.684574,-0.213101
-0.523040,-1.976639,-0.608625,-1.248054,-1.912956,-0.537699,-3.878377,-2.573612,1.150829,-0.896534,-1.639550,0.583890,-2.914820,-2.385106,1.556504,-4.677624,1.933328,-13.191260,-1.170849,-1.765302,1.146160,-1.419325,-1.887926,0.889094,-2.619963,-4.628984,-0.183068
-0.595808,-2.007507,-0.642579,-1.322962,-1.955179,-0.622392,-3.903038,-2.591586,1.137434,-0.933617,-1.681817,0.508240,-2.882577,-2.414064,1.529295,-4.677624,1.933328,-13.191260,-1.318724,-1.798801,1.093960,-1.371835,-1.961203,0.794809,-2.638727,-4.645245,-0.208572
-0.819575,-2.106364,-0.511301,-4.449238,-0.410207,-1.420156,-3.926254,-2.604902,1.159892,-4.594556,0.343919,-1.066983,-2.836521,-2.420602,1.530018,-4.677624,1.933328,-13.191260,-1.415022,-1.984053,1.037482,-1.358969,-1.978660,0.816294,-2.610460,-4.636554,-0.177298
-0.953519,-2.218628,-0.346255,-4.671656,-0.420395,-1.358418,-3.960161,-2.610776,1.164684,-4.823748,0.310078,-1.042979,-2.858321,-2.422760,1.531334,-4.677624,1.933328,-13.191260,-1.492093,-2.009960,1.036642,-1.369867,-1.996944,0.824810,-2.605918,-4.652937,-0.185806
-0.965383,-2.235275,-0.254077,-1.610216,-2.101905,-0.405799,-3.998993,-2.633151,1.154810,-4.794916,0.354284,-1.018459,-2.902103,-2.419186,1.535970,-4.677624,1.933328,-13.191260,-1.522671,-2.042302,1.145316,-1.359279,-1.994738,0.829198,-2.609693,-4.655910,-0.183182
-4.798627,-1.006268,-1.232792,-1.571901,-2.068883,-0.256497,-4.006690,-2.641271,1.148946,-4.902879,0.293123,-1.026701,-2.885278,-2.417739,1.541327,-4.677624,1.933328,-13.191260,-1.598604,-2.111278,1.174652,-1.391065,-2.001351,0.816058,-2.605452,-4.634290,-0.170383
0.713808,-5.596732,-0.453505,-1.629127,-2.153305,-0.068714,-4.023694,-2.651358,1.141332,-4.986907,0.320127,-1.001965,-2.887825,-2.423789,1.529483,-4.677624,1.933328,-13.191260,-1.648742,-1.828451,0.936539,-1.391065,-2.001351,0.816058,-2.578656,-4.606321,-0.149292
0.768142,-5.622169,-0.399745,-1.570408,-2.167405,0.091870,-4.035384,-2.651255,1.151437,-4.980729,0.282241,-0.960275,-2.895085,-2.404917,1.539141,-4.677624,1.933328,-13.191260,-1.643348,-1.819169,0.932313,-1.391065,-2.001351,0.816058,-2.608707,-4.625175,-0.159690
-1.033735,-2.229183,0.784589,-1.554612,-2.195048,0.126799,-4.037764,-2.640561,1.147624,-5.009644,0.291853,-0.967587,-2.907491,-2.403921,1.546850,-4.677624,1.933328,-13.191260,-1.749046,-1.753839,0.959833,-1.391065,-2.001351,0.816058,-2.591445,-4.651565,-0.165679
-5.002774,-1.050354,-0.480549,-1.394717,-2.160466,0.318448,-4.045932,-2.656568,1.118750,-4.983784,0.220451,-0.893242,-2.921558,-2.401676,1.529406,-4.677624,1.933328,-13.191260,-1.637314,-2.114919,1.314283,-1.372441,-1.993477,0.820490,-2.600181,-4.663383,-0.177330
-0.555573,-2.075153,1.093920,-1.199094,-2.128775,0.337394,-4.033642,-2.623772,1.101758,-4.976024,0.135945,-0.897193,-2.897231,-2.410200,1.531537,-4.677624,1.933328,-13.191260,-1.472119,-2.098910,1.284246,-1.353831,-1.985606,0.824934,-2.575822,-4.634083,-0.175417
-0.288602,-2.095862,1.029858,-0.959678,-2.100212,0.308250,-3.989911,-2.600260,1.123266,-4.955113,0.038470,-0.864218,-2.880564,-2.400662,1.539038,-4.677624,1.933328,-13.191260,-1.427141,-1.936424,0.839313,-1.353831,-1.985606,0.824934,-2.590937,-4.639441,-0.157586
-0.017504,-2.069161,0.856805,-0.490220,-1.991975,0.279992,-2.423544,-6.616614,-1.114983,-1.444596,-6.167410,-1.606343,-2.866212,-2.388322,1.541087,-4.677624,1.933328,-13.191260,-1.414140,-1.937655,0.848254,-1.353831,-1.985606,0.824934,-2.593634,-4.613291,-0.170157
0.254896,-1.999632,0.767532,-0.304642,-1.988820,0.197231,-2.376952,-6.623591,-1.112978,-1.379195,-6.108855,-1.541264,-2.727553,-2.410304,1.527181,-3.501859,-1.925349,0.966801,-0.363485,-1.966459,1.257171,-1.327217,-1.972070,0.829450,-2.565940,-4.861430,-0.285965
0.516322,-1.960615,0.682077,-0.100206,-1.950894,0.135784,-2.373046,-6.571316,-1.108586,-1.319794,-6.054561,-1.539841,-3.211488,-2.267421,1.636130,-3.496753,-1.915246,0.963023,-0.325249,-1.973191,1.277507,-1.292610,-1.952876,0.834047,-2.573264,-4.905276,-0.406536
0.903054,-1.928512,0.558728,0.243039,-1.966099,0.034241,-2.280625,-6.489471,-1.093380,-1.185463,-5.935583,-1.436784,-2.691472,-2.366355,1.507770,-3.413198,-1.847298,0.979820,-0.300755,-1.948032,1.304155,-0.721843,-1.607045,0.887705,-2.480581,-5.051196,-0.438712
1.485964,-1.933704,0.295044,-3.620143,-1.757704,-0.776116,-2.184818,-6.337474,-1.065948,-0.815475,-2.049589,0.388239,-2.630214,-2.383600,1.369551,-2.477836,-5.630865,-1.166599,-0.303952,-1.909172,1.328721,0.588158,-1.649864,0.766773,-2.318745,-5.336777,-0.489635
1.914902,-1.956283,0.091156,1.234495,-1.888439,-0.303750,-2.069592,-6.077605,-1.015293,-4.382417,-1.275499,-0.746557,-2.232201,-2.277272,1.079729,-2.456772,-5.635706,-1.163319,0.209913,-2.269580,1.063992,0.291120,-1.284645,0.970233,-2.095014,-5.661234,-0.564456
2.274453,-1.998037,-0.179622,-3.789195,-2.525412,-0.818704,-2.308878,-2.227460,0.729098,-0.673967,-5.398211,-1.232301,-0.807681,-2.009561,1.161413,-2.654699,-1.991268,0.763982,0.811023,-1.648264,0.748786,0.291120,-1.284645,0.970233,-1.938139,-5.762228,-0.624964
-3.278892,-3.186388,-0.673977,2.086696,-1.968371,-0.613814,-1.951588,-2.115253,0.817639,0.216391,-2.004251,0.125461,-1.165949,-6.335804,-1.007616,-2.514607,-1.880687,0.772447,0.839687,-1.902708,0.928541,0.312766,-1.244743,0.947808,-4.703970,3.066760,-0.276604
2.050901,-5.036560,-0.085442,2.480868,-1.984356,-0.655631,-1.682077,-2.037580,0.822133,0.687492,-2.005113,0.096281,-0.725206,-1.994215,1.418630,-2.514607,-1.880687,0.772447,2.389615,-1.921771,0.577508,0.882367,-1.632904,0.745752,-1.655269,-6.132297,-0.708831
2.193030,-4.942341,0.001816,2.937559,-1.991058,-0.622140,-1.207438,-1.958575,0.815384,1.157399,-1.946620,0.076146,-0.546362,-2.030499,1.336770,-1.188700,-0.995057,1.004344,1.960905,-1.385216,0.977334,0.904044,-1.629636,0.753030,-4.416229,-2.827330,0.943227
2.316461,-4.854235,0.089917,3.414278,-2.027461,-0.757762,-0.976652,-1.790765,0.818529,1.539866,-1.943920,-0.034487,-0.454148,-2.039966,1.196943,-0.873961,-0.803057,1.084473,2.128484,-1.518001,0.876828,1.281709,-1.410671,0.750405,-4.036861,-2.702045,0.827839
-2.457963,-3.959992,-0.278174,3.714958,-2.048961,-0.777514,-0.488533,-1.903952,0.584931,1.814189,-1.972131,-0.056133,-0.340907,-2.037624,1.113402,-0.725889,-4.690963,-0.615787,2.705222,-2.071813,0.575139,1.849473,-0.956414,0.646909,-3.795474,-2.686193,0.967693
4.189865,-2.129962,-0.271089,3.902978,-2.052045,-0.894648,-0.246169,-2.000326,0.465577,-3.463875,-2.876104,-0.699747,-0.642924,-5.877914,-0.727372,-0.727155,-4.660098,-0.609341,2.824838,-2.195224,0.520225,2.305426,-0.653638,0.612720,-3.632677,-2.649837,1.281902
-2.230754,-4.167414,-0.266904,-2.898933,-4.032770,-0.660454,-0.006236,-1.967009,0.662487,0.287718,-4.417782,-0.463824,1.389268,-2.051721,0.666497,-0.696078,-4.646400,-0.587854,3.014866,-2.461908,0.377008,3.291889,-1.232129,0.166448,-3.402533,-2.551316,1.283277
4.592631,-2.022882,-0.400192,4.294197,-2.029580,-0.961032,0.521256,-1.880104,0.654789,0.490858,-4.269226,-0.361556,2.256251,-2.009090,0.681216,-0.685610,-4.614251,-0.573899,3.334288,-1.328469,0.025914,3.584434,-1.678480,0.022571,-2.956012,-2.399738,1.226792
2.473806,-4.239760,0.494541,4.597546,-2.085062,-1.050097,0.842736,-1.921257,0.629625,3.066444,-1.897811,-0.451340,2.356418,-2.110516,0.752852,-1.098851,-4.520489,-0.394863,3.821656,-2.005231,0.117574,3.531417,-1.678117,0.013355,-2.602136,-2.382645,1.084017
2.578084,-4.230827,0.569720,4.805739,-2.137183,-1.121345,1.217724,-1.867561,0.559225,3.346876,-1.924530,-0.529568,2.370218,-2.110938,0.685573,-0.628194,-4.481153,-0.355632,5.000132,-2.320042,-0.307398,3.553419,-1.672416,0.014293,-2.121166,-2.243313,1.428745
2.770133,-4.241034,0.697720,5.307190,-2.197114,-1.196851,1.559459,-1.913290,0.345384,3.815372,-2.006745,-0.659342,2.452240,-2.113894,0.599612,0.294383,-4.107574,-0.297306,4.703475,-1.559145,0.120441,3.572409,-1.662792,0.012808,-1.882568,-2.191727,1.418871
6.050634,-2.577150,-0.702477,5.822941,-2.377857,-1.352869,-0.777329,-4.640042,0.032587,0.921164,-3.737555,0.209471,2.513063,-2.073186,0.496434,0.594387,-3.616071,0.086133,5.227033,-2.411992,-0.213236,3.572409,-1.662792,0.012808,-1.618913,-2.144690,1.333311
6.370897,-2.689080,-0.709622,6.107345,-2.476767,-1.418394,-0.746321,-4.510775,0.105032,3.520480,-1.291654,0.387930,2.601533,-2.095221,0.354514,0.585898,-3.728354,0.038563,5.180034,-2.438446,-0.202571,4.224887,-1.696259,-0.107732,-3.786214,0.418441,-0.313222
6.672241,-2.718080,-0.836452,6.413020,-2.536525,-1.433957,2.446897,-2.037096,-0.155255,3.735409,-1.205360,0.373215,2.856564,-2.168247,0.383306,0.571442,-3.686061,0.041384,5.247046,-2.539102,-0.276219,5.108381,-1.235148,-0.186613,-1.015095,-2.025475,1.343554
-9.383663,-7.369244,-0.480961,6.641083,-2.620775,-1.566306,2.756420,-1.927483,-0.046670,3.935899,-1.134619,0.349267,4.226923,-2.260119,-0.251941,0.596858,-3.644859,0.077830,5.227459,-2.343466,-0.268769,5.695407,-0.993739,-0.212994,-3.625492,-0.046536,-0.317125
5.238075,0.496678,0.653889,7.085834,-2.695747,-1.567753,3.060868,-1.765211,-0.078357,4.242451,-1.019020,0.349954,4.638022,-1.580795,0.026394,0.599443,-3.591414,0.099531,5.445286,-2.996465,-0.420327,6.074356,-1.542926,-0.566050,-0.170871,-1.977907,1.137762
7.538379,-3.021452,-0.912957,7.286647,-2.834364,-1.614039,-0.453772,-3.930888,0.670179,1.487096,-2.988136,0.778794,5.008610,-2.485049,-0.135927,0.623163,-3.536000,0.141073,6.491065,-2.690692,-0.597395,6.105185,-1.512028,-0.572902,-3.365447,-0.798066,-0.292459
3.268719,-4.105173,1.468757,7.381780,-2.910660,-1.802174,-0.388876,-3.872413,0.788372,5.983143,-2.411773,-1.317325,5.073322,-2.509939,-0.148320,0.634980,-3.549263,0.146747,7.231683,-3.110682,-0.709097,6.286949,-2.457556,-0.609868,-3.323406,-0.919545,-0.274770
3.190815,-4.036257,1.467035,7.415573,-2.869302,-2.075483,3.939127,-2.104115,-0.338931,2.963929,-4.518389,0.338249,5.064872,-2.459562,-0.151697,0.611926,-3.488965,0.148573,7.250187,-3.134711,-0.693926,6.218082,-2.399461,-0.579917,-3.276256,-1.057250,-0.295310
-0.411416,-6.396239,-0.797397,3.215194,-4.090624,0.636948,-0.363483,-3.755970,0.876892,6.099625,-2.487390,-1.530721,5.086488,-2.474710,-0.186750,0.625557,-3.482812,0.163243,7.284896,-3.155356,-0.717752,6.233354,-2.399209,-0.580247,-3.253981,-1.124924,-0.346541
3.547558,-4.407645,0.773712,-0.511869,-5.970488,-0.936023,3.971529,-2.113881,-0.354612,-1.432786,-5.027710,-0.742694,5.081822,-2.456460,-0.169659,0.628639,-3.477698,0.167989,7.269404,-3.161259,-0.701055,6.242612,-2.422737,-0.583391,-3.260639,-1.101960,-0.257936
-0.795049,-6.363435,-0.798850,-1.109564,-5.976626,-0.932739,3.903009,-2.113213,-0.303001,5.930107,-2.551594,-1.512318,5.078326,-2.455854,-0.114622,0.615024,-3.483852,0.153291,7.241275,-3.144572,-0.676846,6.256870,-2.434398,-0.582883,0.507840,-5.891997,-0.667851
7.826456,-3.279521,-1.743429,-1.215871,-5.942532,-0.774489,3.889022,-2.101933,-0.257275,5.891736,-2.513055,-1.466750,5.080775,-2.448472,-0.128234,0.644234,-3.533855,0.160946,7.075526,-3.208461,-0.682217,6.252117,-2.430510,-0.583063,0.592341,-6.078550,-0.672436
7.704391,-3.370089,-1.168507,-1.048678,-5.880879,-0.702915,3.970270,-2.072958,-0.269594,6.021569,-2.485348,-1.424908,5.094668,-2.457468,-0.140370,0.699792,-3.489388,0.229814,6.894151,-3.367742,-0.654731,6.268496,-2.418363,-0.584216,0.596182,-6.073391,-0.669853
7.696462,-3.454053,-0.910805,-1.174720,-5.930965,-0.616819,4.029352,-2.140715,-0.254216,6.016516,-2.559529,-1.359093,5.081447,-2.486316,-0.123946,0.812783,-3.124029,0.498414,6.942173,-3.399557,-0.647979,6.276964,-2.438045,-0.582996,0.607687,-6.057898,-0.662041
7.654512,-3.462546,-0.929251,-1.358903,-5.936834,-0.621897,4.035838,-2.092947,-0.226933,6.051928,-2.555292,-1.378850,5.072673,-2.468926,-0.117139,0.884607,-3.039894,0.618638,6.930292,-3.403351,-0.647255,6.271133,-2.446062,-0.582281,0.602766,-6.047796,-0.661942
7.991340,-3.683340,-0.966799,-1.333094,-6.085167,-0.606387,4.014787,-2.067593,-0.209532,4.587435,-1.066741,0.398060,5.019433,-2.470012,-0.116916,0.883114,-3.026053,0.623387,6.836592,-3.054295,-0.523537,6.291248,-2.449713,-0.582340,0.594012,-6.042859,-0.664452
8.439868,-3.820184,-1.084826,-1.366614,-6.199391,-0.593433,4.010078,-2.115265,-0.236314,3.154889,-4.986278,0.419616,4.996676,-2.512610,-0.113354,0.883114,-3.026053,0.623387,6.854706,-3.025668,-0.532816,6.322029,-2.449233,-0.582889,0.597845,-6.037699,-0.661842
8.608713,-3.913763,-1.182485,-1.278571,-6.311209,-0.586604,4.073348,-2.109025,-0.273839,3.175120,-4.985685,0.470001,5.091299,-2.518114,-0.150241,0.887244,-3.034873,0.624099,6.842808,-3.029662,-0.532033,6.316171,-2.457254,-0.582114,0.606595,-6.042628,-0.659318
8.509838,-3.879802,-1.237866,-1.265073,-6.297042,-0.633661,4.021859,-2.114505,-0.243591,3.137377,-4.948633,0.453553,5.019956,-2.543802,-0.138077,0.887244,-3.034873,0.624099,6.927144,-3.214041,-0.642880,6.291248,-2.449713,-0.582340,0.610420,-6.037458,-0.656682
8.294160,-3.735904,-1.435762,-1.234697,-6.195345,-0.714782,4.025950,-2.124638,-0.218558,6.322984,-2.667088,-1.517980,5.091862,-2.491459,-0.138564,0.884607,-3.039894,0.618638,6.870382,-3.137968,-0.582600,6.292322,-2.437803,-0.583295,0.618062,-6.027105,-0.651381
8.329711,-3.715498,-1.375369,-1.174872,-6.173285,-0.699147,4.098887,-2.128533,-0.193441,6.292454,-2.654465,-1.421684,5.086106,-2.462003,-0.137475,0.892499,-3.024835,0.635043,6.883632,-3.120904,-0.600415,6.271133,-2.446062,-0.582281,0.609327,-6.022195,-0.653947
8.642525,-3.869084,-1.235585,-1.156808,-6.341848,-0.602472,4.149550,-2.162919,-0.272223,4.782804,-1.027124,0.408982,5.110845,-2.507643,-0.181835,0.884607,-3.039894,0.618638,6.958468,-3.224704,-0.663876,6.275889,-2.449951,-0.582060,0.623996,-5.935329,-0.629388
8.861577,-3.958823,-1.237542,-1.185118,-6.423606,-0.601801,4.144375,-2.218782,-0.330753,3.234424,-4.965998,0.491069,5.139750,-2.533751,-0.247656,0.887244,-3.034873,0.624099,6.915417,-3.183211,-0.596945,6.322029,-2.449233,-0.582889,0.632065,-5.874110,-0.612608
9.141394,-4.077960,-1.285370,-1.237131,-6.505673,-0.619383,4.147525,-2.222726,-0.328007,3.263344,-5.037975,0.505046,5.153862,-2.571168,-0.241824,0.887244,-3.034873,0.624099,6.904941,-3.166850,-0.571524,6.410067,-2.443893,-0.584700,0.624498,-5.884494,-0.618177
9.730484,-4.241849,-1.250585,-1.274850,-6.629363,-0.576315,4.186465,-2.245599,-0.343418,3.327544,-5.134300,0.504559,5.199827,-2.584750,-0.312077,0.889874,-3.029853,0.629567,6.900560,-3.170142,-0.551710,7.374765,-2.360251,-0.601051,0.611993,-5.768265,-0.598167
9.347395,-4.188591,-1.236456,-1.218968,-6.620194,-0.565886,4.356849,-2.273696,-0.398523,-1.751672,-5.666200,-0.626131,5.405558,-2.632978,-0.575905,0.904036,-2.985979,0.667322,6.901593,-3.141392,-0.561747,7.425377,-2.355323,-0.601712,0.598496,-5.637351,-0.574979
9.701997,-4.206090,-1.191839,-1.144704,-6.646474,-0.577601,4.568146,-2.269740,-0.373531,-1.741334,-5.674695,-0.625599,6.266140,-3.005837,-0.615201,0.902520,-2.972193,0.672114,6.911971,-3.156595,-0.621509,7.438126,-2.363206,-0.600408,0.598496,-5.637351,-0.574979
9.660065,-4.185285,-1.174239,-1.143307,-6.657897,-0.587377,4.619832,-2.326059,-0.369666,-1.683907,-5.717959,-0.628439,6.149473,-2.992100,-0.391050,0.921045,-2.969756,0.695758,6.943006,-3.149093,-0.590622,7.451000,-2.358929,-0.601055,0.576529,-5.502211,-0.554377
9.493740,-4.189604,-1.169756,-1.095808,-6.681755,-0.574865,4.657984,-2.352251,-0.357286,-1.688964,-5.729656,-0.633608,6.139110,-2.978808,-0.400911,0.922576,-2.983526,0.690944,7.097258,-3.205666,-0.718081,7.463920,-2.354647,-0.601702,0.582943,-5.476840,-0.545502
9.253808,-4.114329,-1.175052,-1.030660,-6.651800,-0.621094,4.666805,-2.343216,-0.352354,-1.730597,-5.651499,-0.668075,6.152659,-2.993536,-0.352427,0.925144,-2.978523,0.696502,7.925862,-3.523930,-1.023419,7.606331,-3.059532,-0.752298,0.585606,-5.456641,-0.539538
9.231799,-4.127288,-1.137606,-1.061951,-6.644406,-0.594559,4.652841,-2.329458,-0.334784,-1.863303,-5.595697,-0.681338,6.151868,-2.998899,-0.357990,0.925144,-2.978523,0.696502,8.324616,-3.652433,-0.907490,7.580521,-3.067286,-0.751261,0.596781,-5.441111,-0.530521
4.339148,-5.699867,1.786596,-1.043280,-6.631515,-0.589510,4.689027,-2.344858,-0.338467,-1.682081,-5.681288,-0.637201,6.147917,-3.001659,-0.338240,0.925144,-2.978523,0.696502,8.309143,-3.701231,-0.837325,7.606331,-3.059532,-0.752298,0.588260,-5.436443,-0.533544
6.703230,-0.678960,0.706214,-1.008151,-6.605389,-0.619052,4.719733,-2.373302,-0.344498,3.425563,-5.101897,0.543207,6.165323,-2.989559,-0.342169,0.931802,-2.982284,0.702814,4.171676,-5.259634,1.519383,7.606331,-3.059532,-0.752298,0.599418,-5.420910,-0.524468
6.702409,-0.646800,0.686879,-0.981174,-6.612243,-0.612707,4.746219,-2.365586,-0.363534,3.423128,-5.080766,0.563206,6.154202,-3.005721,-0.324937,0.933341,-2.996053,0.697992,8.327794,-3.632716,-0.799787,7.586251,-3.059497,-0.751585,0.603131,-5.415728,-0.521420
6.599174,-0.678057,0.636591,-0.962615,-6.599301,-0.641349,4.787670,-2.361668,-0.387142,3.419181,-5.087732,0.543461,6.162871,-3.018980,-0.326212,0.929242,-2.987288,0.697247,4.164599,-5.269030,1.528679,7.573403,-3.063374,-0.751071,0.602047,-5.400713,-0.518382
6.688256,-0.686521,0.700533,-0.927267,-6.626075,-0.622417,4.772158,-2.343394,-0.363414,3.428115,-5.095592,0.539397,6.150286,-2.996402,-0.321529,0.935898,-2.991045,0.703562,8.286914,-3.604225,-0.771707,7.580521,-3.067286,-0.751261,0.610543,-5.405354,-0.515295
6.688825,-0.702587,0.710377,-0.967980,-6.621338,-0.617377,4.828098,-2.371248,-0.375123,3.431162,-5.122621,0.543366,6.158102,-3.015044,-0.328339,0.939994,-2.999804,0.704310,8.296104,-3.616762,-0.769497,7.586251,-3.059497,-0.751585,0.614243,-5.400162,-0.512216
6.609711,-0.735405,0.676270,-0.979064,-6.612538,-0.629154,4.803907,-2.350514,-0.363749,3.403505,-5.118152,0.514989,6.151092,-2.991025,-0.315959,0.937439,-3.004817,0.698739,4.136129,-5.251249,1.510806,7.573403,-3.063374,-0.751071,0.605753,-5.395528,-0.515316
6.720622,-0.703404,0.732593,-0.995562,-6.625729,-0.605765,4.783485,-2.359696,-0.361550,-1.748641,-5.654375,-0.656279,6.154153,-3.017797,-0.308617,0.933341,-2.996053,0.697992,8.282816,-3.618772,-0.793168,7.573403,-3.063374,-0.751071,0.597258,-5.390887,-0.518400
6.707798,-0.743055,0.747639,-0.991299,-6.644956,-0.605286,4.784805,-2.364179,-0.367611,-1.717675,-5.679888,-0.654667,6.182697,-3.016096,-0.344710,0.935898,-2.991045,0.703562,4.119793,-5.250955,1.496164,7.580521,-3.067286,-0.751261,0.609456,-5.390340,-0.512242
6.684935,-0.762469,0.743535,-1.000935,-6.647679,-0.593095,4.789443,-2.372608,-0.371027,-1.821567,-5.613539,-0.704781,6.150928,-3.028431,-0.330851,0.939994,-2.999804,0.704310,8.224732,-3.619387,-0.796893,7.593405,-3.063411,-0.751779,0.605753,-5.395528,-0.515316
4.312961,-5.675081,1.766405,-0.987458,-6.675392,-0.575713,4.773279,-2.364285,-0.360451,3.416986,-5.137473,0.578822,6.154202,-3.005721,-0.324937,0.931802,-2.982284,0.702814,8.306474,-3.632263,-0.819356,7.580521,-3.067286,-0.751261,0.609456,-5.390340,-0.512242
4.270744,-5.665917,1.745609,-0.989783,-6.656467,-0.592558,4.796582,-2.352596,-0.382200,3.422806,-5.145710,0.554604,6.134513,-2.996542,-0.322780,0.939994,-2.999804,0.704310,8.229595,-3.640317,-0.801866,7.606331,-3.059532,-0.752298,0.605753,-5.395528,-0.515316
4.294616,-5.656272,1.765238,-0.975973,-6.654297,-0.592746,4.773949,-2.354317,-0.347305,-1.830123,-5.620024,-0.720362,6.143148,-3.009788,-0.324054,0.935898,-2.991045,0.703562,8.198078,-3.620451,-0.792243,7.573403,-3.063374,-0.751071,0.598337,-5.405895,-0.521438
6.561683,-0.785028,0.672924,-0.987109,-6.645510,-0.604489,4.784805,-2.364179,-0.367611,-1.700150,-5.676928,-0.654721,6.150928,-3.028431,-0.330851,0.935898,-2.991045,0.703562,8.293276,-3.631718,-0.799674,7.547833,-3.071116,-0.750047,0.605753,-5.395528,-0.515316
-1.323750,-6.858133,-0.556397,-1.028637,-6.553889,-0.696723,4.806530,-2.359496,-0.375842,3.393860,-5.130260,0.516991,6.169240,-2.998882,-0.345568,0.939994,-2.999804,0.704310,4.155945,-5.268633,1.521151,3.394211,-5.056031,1.595471,0.613154,-5.385152,-0.509152
-1.302372,-6.840137,-0.651991,-1.015600,-6.463750,-0.772634,4.813229,-2.367384,-0.370602,3.367563,-5.124326,0.473681,6.143991,-2.980287,-0.351168,0.935898,-2.991045,0.703562,8.364752,-3.731835,-0.821779,3.393480,-5.015900,1.609445,0.617941,-5.394970,-0.509126
4.115650,-5.582285,1.175021,-0.970711,-6.468710,-0.777152,4.814826,-2.360379,-0.384092,3.356647,-5.112110,0.468936,6.150992,-3.016352,-0.347173,0.937439,-3.004817,0.698739,8.404222,-3.707971,-0.798054,3.400036,-5.023151,1.614511,0.609456,-5.390340,-0.512242
6.278196,-0.893350,0.549629,-1.043168,-6.426384,-0.803192,4.818798,-2.354358,-0.368276,3.334865,-5.116833,0.455126,6.163567,-3.026854,-0.368176,0.941538,-3.013580,0.699485,8.431955,-3.771792,-0.832741,3.404218,-5.017829,1.605844,0.613154,-5.385152,-0.509152
-1.367127,-7.018606,-0.660453,-1.121330,-6.452984,-0.816450,4.775715,-2.389645,-0.363562,3.339143,-5.155631,0.441581,6.171624,-3.008079,-0.360163,0.937439,-3.004817,0.698739,8.387833,-3.738949,-0.825041,3.410361,-5.027375,1.620837,0.614243,-5.400162,-0.512216
-1.406156,-7.053041,-0.696126,-1.161098,-6.467726,-0.816318,4.771932,-2.359811,-0.354357,3.357839,-5.192917,0.455217,6.171654,-2.995989,-0.376529,0.937439,-3.004817,0.698739,7.665754,-3.429525,-0.805448,2.787165,-4.706833,1.472352,0.613154,-5.385152,-0.509152
-1.500666,-7.116299,-0.701116,-1.202809,-6.532098,-0.809035,4.801245,-2.361024,-0.385620,3.359153,-5.213149,0.449601,6.173141,-3.008209,-0.348961,0.937439,-3.004817,0.698739,7.671572,-3.436107,-0.826053,4.050020,-5.632279,1.479808,0.616848,-5.379959,-0.506055
-1.463234,-7.151954,-0.687347,-1.214620,-6.575892,-0.760670,4.814511,-2.371886,-0.376637,3.357048,-5.204798,0.493745,6.143881,-3.017665,-0.365991,0.937439,-3.004817,0.698739,7.637444,-3.415883,-0.801851,4.043914,-5.635447,1.488780,0.616848,-5.379959,-0.506055
-1.439672,-7.168526,-0.697048,-1.207572,-6.617896,-0.745734,4.824131,-2.377259,-0.390940,3.368042,-5.220103,0.472186,6.159682,-3.017531,-0.364787,0.937439,-3.004817,0.698739,7.652781,-3.433186,-0.805032,2.830011,-4.737316,1.474518,0.610543,-5.405354,-0.515295
-1.395492,-7.142332,-0.840484,-1.173457,-6.564712,-0.808744,4.774595,-2.368764,-0.366513,3.353390,-5.232297,0.457547,6.147099,-3.007034,-0.343778,0.941538,-3.013580,0.699485,7.682253,-3.457373,-0.809921,4.094792,-5.688025,1.486569,0.605753,-5.395528,-0.515316
-1.371655,-7.084949,-1.053855,-1.233534,-6.471203,-0.954676,4.796140,-2.380489,-0.365765,-1.799490,-5.776499,-0.758740,6.162059,-3.012281,-0.348068,0.941538,-3.013580,0.699485,8.363003,-3.783877,-0.814372,3.428083,-5.079888,1.593893,0.613154,-5.385152,-0.509152
-1.331206,-7.121874,-1.272455,-1.227650,-6.515232,-1.216442,4.806781,-2.372461,-0.415672,-1.922131,-5.714458,-0.891968,6.144711,-3.012293,-0.360482,0.934879,-3.009831,0.693172,8.420296,-3.731684,-0.857588,3.449948,-5.076774,1.586554,0.610543,-5.405354,-0.515295
-1.281069,-7.049166,-1.572601,-1.199743,-6.404685,-1.472535,4.782683,-2.394178,-0.406927,4.958148,-1.166105,0.274951,6.179434,-3.026729,-0.366967,0.934879,-3.009831,0.693172,8.409104,-3.698557,-0.913596,3.498902,-5.084964,1.523916,0.594625,-5.411076,-0.524481
-1.221898,-7.063654,-1.652948,-1.186761,-6.378901,-1.556155,4.761007,-2.374406,-0.366325,-1.795451,-5.689281,-1.009159,6.203197,-3.033171,-0.388913,0.934879,-3.009831,0.693172,7.943348,-3.484512,-1.177072,8.134048,-3.398036,-0.978122,0.598337,-5.405895,-0.521438
-1.144531,-6.960456,-1.897023,-1.117868,-6.336307,-1.767655,4.750168,-2.364527,-0.346033,-1.798528,-5.662002,-1.080265,6.247930,-3.016874,-0.392575,0.934879,-3.009831,0.693172,7.828436,-3.076605,-0.982619,8.209867,-3.762983,-1.666120,0.594625,-5.411076,-0.524481
-1.086980,-6.908851,-2.022706,-1.611434,-6.476114,-1.644097,4.758954,-2.355475,-0.340978,-1.689971,-5.631155,-1.139566,6.219175,-3.006484,-0.372701,0.932314,-3.014847,0.687614,8.836913,-3.707314,-2.695747,-0.988305,-6.189981,-0.106462,0.593547,-5.396066,-0.521453
-1.072961,-6.737503,-2.151624,-1.546146,-6.363119,-1.793577,4.719726,-2.342485,-0.317740,7.125210,-2.970780,-2.613249,6.238232,-3.035542,-0.411819,0.933341,-2.996053,0.697992,8.918769,-3.816533,-2.791867,6.282988,-3.075308,-0.968229,0.583463,-5.426601,-0.533548
-0.931646,-6.661803,-1.961079,-1.488744,-6.223610,-1.620167,4.666259,-2.332107,-0.267813,6.992438,-2.877000,-2.376018,6.238232,-3.035542,-0.411819,0.927705,-2.973523,0.702068,-1.590748,-6.334413,-0.486573,6.790646,-3.558932,-2.160176,0.571203,-5.427089,-0.539538
-0.954047,-6.586017,-1.108144,-1.386978,-6.149363,-1.384510,4.656716,-2.315434,-0.260845,-1.521513,-5.367714,-0.973891,6.229508,-3.022225,-0.410541,0.920004,-2.988529,0.685394,7.723910,-3.061147,-0.934029,8.145173,-3.613948,-1.968039,0.556236,-5.447720,-0.551378
-1.010953,-6.604289,-0.924384,7.920963,-3.084864,-2.731049,4.632935,-2.309531,-0.268471,-1.550341,-5.390707,-0.852142,6.226511,-3.007504,-0.401626,0.929242,-2.987288,0.697247,3.755081,-5.324030,1.113889,7.621166,-2.992791,-0.787607,0.547679,-5.443008,-0.554296
8.372107,-3.590300,-1.827713,7.879460,-3.234368,-2.288506,4.643179,-2.340620,-0.294596,-1.632871,-5.487885,-0.753130,6.190556,-3.022659,-0.367874,0.928210,-3.006075,0.686872,7.663553,-3.410783,-0.798174,7.621166,-2.992791,-0.787607,0.552485,-5.452872,-0.554310
6.243981,-0.643956,0.309572,7.996421,-3.280414,-2.160009,4.628559,-2.375610,-0.266713,-1.540607,-5.455020,-0.688520,6.180338,-3.009260,-0.377790,0.928210,-3.006075,0.686872,7.669534,-3.353676,-0.803255,7.621166,-2.992791,-0.787607,0.563727,-5.437409,-0.545480
6.243981,-0.643956,0.309572,-1.344711,-6.407014,-0.629055,4.699231,-2.379325,-0.299225,-1.761044,-5.517146,-0.655959,6.186654,-3.013325,-0.364475,0.930778,-3.001064,0.692430,7.813176,-3.044949,-0.836175,7.678488,-3.372775,-0.753272,0.571203,-5.427089,-0.539538
6.351191,-0.665653,0.381305,-1.392168,-6.466200,-0.624472,4.668920,-2.357295,-0.270978,6.851643,-2.844026,-1.650446,6.208930,-3.005172,-0.366284,0.928210,-3.006075,0.686872,7.875654,-3.523782,-0.927363,7.811867,-3.016358,-0.793827,0.571203,-5.427089,-0.539538
6.350783,-0.686976,0.391480,-1.404921,-6.503262,-0.604580,4.685708,-2.368699,-0.307953,6.817813,-2.866511,-1.582650,6.197784,-3.009250,-0.365380,0.930778,-3.001064,0.692430,3.856154,-5.104934,1.398370,7.835736,-3.028215,-0.794112,0.556236,-5.447720,-0.551378
6.463879,-0.750397,0.493227,-0.765741,-6.414551,-0.655510,4.679764,-2.378476,-0.284089,4.990469,-1.055373,0.425855,6.182736,-3.003999,-0.361069,0.934879,-3.009831,0.693172,3.843713,-5.120480,1.386303,7.599292,-3.035885,-0.786007,0.563727,-5.437409,-0.545480
6.613257,-0.723437,0.575174,-0.967767,-6.449931,-0.623504,4.699222,-2.390670,-0.292063,-1.680906,-5.592421,-0.654798,6.182736,-3.003999,-0.361069,0.930778,-3.001064,0.692430,6.029151,-1.162040,0.619861,7.612232,-3.031978,-0.786562,0.562667,-5.422400,-0.542510
6.746187,-0.677036,0.637921,-0.885390,-6.543440,-0.595035,4.724207,-2.378557,-0.304850,-1.645732,-5.650789,-0.633322,6.171624,-3.008079,-0.360163,0.932314,-3.014847,0.687614,7.902676,-3.564536,-0.890373,7.638246,-3.024154,-0.787677,0.563727,-5.437409,-0.545480
6.746187,-0.677036,0.637921,-0.967022,-6.545567,-0.589368,4.716206,-2.366256,-0.304080,-1.660038,-5.654067,-0.621340,6.182736,-3.003999,-0.361069,0.933341,-2.996053,0.697992,7.892419,-3.588354,-0.855700,7.638246,-3.024154,-0.787677,0.563727,-5.437409,-0.545480
6.653145,-0.701496,0.589271,-0.972599,-6.514485,-0.625244,4.695291,-2.360957,-0.282763,-1.696254,-5.620574,-0.658488,6.171624,-3.008079,-0.360163,0.930778,-3.001064,0.692430,7.942536,-3.575989,-0.912533,7.597983,-3.024125,-0.786246,0.583463,-5.426601,-0.533548
6.716052,-0.659885,0.607639,-0.970567,-6.514728,-0.607906,4.701363,-2.362461,-0.299538,-1.686466,-5.629006,-0.646201,6.174002,-3.002824,-0.343440,0.930778,-3.001064,0.692430,7.708603,-3.215470,-0.934675,7.792171,-3.362539,-0.755565,0.571203,-5.427089,-0.539538
6.738352,-0.672781,0.630114,-0.933425,-6.541856,-0.616748,4.706068,-2.370836,-0.303002,-1.686970,-5.628886,-0.634464,6.175536,-3.017401,-0.363569,0.930778,-3.001064,0.692430,7.726273,-3.243076,-0.939745,7.831540,-3.359154,-0.756315,0.566405,-5.417242,-0.539536
6.731793,-0.700798,0.641974,-0.956652,-6.565775,-0.593345,4.698695,-2.373004,-0.321392,-1.714193,-5.635869,-0.645694,6.179434,-3.026729,-0.366967,0.934879,-3.009831,0.693172,7.938230,-3.614573,-0.868109,7.612232,-3.031978,-0.786562,0.574937,-5.421925,-0.536551
6.779792,-0.693792,0.670937,-1.022850,-6.565955,-0.581850,4.712148,-2.372340,-0.319786,-1.702874,-5.644432,-0.627461,6.190556,-3.022659,-0.367874,0.930778,-3.001064,0.692430,7.690098,-3.257472,-0.900677,7.850450,-3.367529,-0.754808,0.567467,-5.432250,-0.542515
6.638602,-0.806010,0.639824,-1.002170,-6.553184,-0.604517,4.701980,-2.388263,-0.311506,-1.685285,-5.661217,-0.638312,6.171624,-3.008079,-0.360163,0.937439,-3.004817,0.698739,7.669278,-3.244327,-0.877604,7.789640,-3.382604,-0.751832,0.574937,-5.421925,-0.536551
8.938441,-3.992840,-1.081950,-1.171806,-6.493216,-0.609861,4.712907,-2.362341,-0.306768,3.357478,-5.118907,0.531438,6.191473,-3.005174,-0.378710,0.928210,-3.006075,0.686872,7.731955,-3.508995,-0.860162,7.632422,-3.031998,-0.787264,0.571203,-5.427089,-0.539538
8.834752,-3.981806,-1.149643,-1.248477,-6.474187,-0.627937,4.727738,-2.366148,-0.311296,3.360086,-5.128365,0.525684,6.180315,-3.021351,-0.361430,0.928210,-3.006075,0.686872,7.727195,-3.504985,-0.871283,7.665916,-3.028101,-0.788533,0.571203,-5.427089,-0.539538
8.900065,-4.038620,-1.073380,-1.321446,-6.497247,-0.592244,4.712122,-2.383691,-0.312586,-1.905917,-5.603958,-0.703979,6.171624,-3.008079,-0.360163,0.928210,-3.006075,0.686872,7.765350,-3.487159,-0.851119,7.639658,-3.035930,-0.787399,0.579736,-5.431771,-0.536549
8.872507,-4.021079,-1.153481,-1.271350,-6.509653,-0.602949,4.718951,-2.375201,-0.316328,3.341591,-5.132704,0.531869,6.163567,-3.026854,-0.368176,0.932314,-3.014847,0.687614,7.750775,-3.476332,-0.829249,7.652763,-3.032017,-0.787965,0.574937,-5.421925,-0.536551
8.994600,-4.051399,-1.161110,-1.294334,-6.503681,-0.597314,4.716777,-2.392085,-0.316027,3.334877,-5.142709,0.542293,6.197784,-3.009250,-0.365380,0.924106,-2.997303,0.686133,7.768112,-3.467030,-0.855091,7.645489,-3.028085,-0.787827,0.552485,-5.452872,-0.554310
9.016807,-4.023063,-1.204523,-1.292128,-6.503980,-0.613901,4.702721,-2.378289,-0.298455,3.340010,-5.145857,0.532670,6.197784,-3.009250,-0.365380,0.930778,-3.001064,0.692430,7.721838,-3.468041,-0.850123,7.632422,-3.031998,-0.787264,0.567467,-5.432250,-0.542515
9.276559,-4.100308,-1.168678,-1.296223,-6.526132,-0.584054,4.712907,-2.362341,-0.306768,3.365159,-5.154305,0.564095,6.186654,-3.013325,-0.364475,0.926677,-2.992295,0.691686,7.732752,-3.480576,-0.856707,7.625216,-3.028068,-0.787119,0.574937,-5.421925,-0.536551
9.708450,-4.223598,-1.163760,-1.272594,-6.614296,-0.551395,4.712907,-2.362341,-0.306768,3.378112,-5.167877,0.604014,6.227139,-3.069498,-0.372287,0.932314,-3.014847,0.687614,7.798979,-3.512214,-0.845113,7.632422,-3.031998,-0.787264,0.567467,-5.432250,-0.542515
10.124364,-4.275784,-1.168731,-1.250778,-6.664967,-0.524827,4.744027,-2.363047,-0.329201,3.390654,-5.179492,0.632089,6.210824,-3.037456,-0.364261,0.934879,-3.009831,0.693172,7.786158,-3.540100,-0.829271,7.606425,-3.039814,-0.786145,0.572268,-5.442102,-0.542518
9.804515,-4.247604,-1.215368,-1.268021,-6.655643,-0.531807,4.733039,-2.389005,-0.333913,-1.798283,-5.775641,-0.566515,6.218157,-3.050579,-0.376845,0.930778,-3.001064,0.692430,7.762524,-3.525041,-0.808163,7.632422,-3.031998,-0.787264,0.578666,-5.416758,-0.533553
4.193753,-5.646497,1.599851,-1.139510,-6.530665,-0.624129,4.739045,-2.382380,-0.309392,-1.749616,-5.678806,-0.630927,6.190556,-3.022659,-0.367874,0.930778,-3.001064,0.692430,7.703458,-3.474701,-0.790701,3.380648,-5.015201,1.654000,0.571203,-5.427089,-0.539538
8.969782,-3.814704,-1.376140,8.658729,-3.524943,-2.111621,4.756000,-2.393772,-0.346472,4.979797,-1.073867,0.415470,6.222540,-3.010299,-0.381807,0.934879,-3.009831,0.693172,7.741704,-3.456897,-0.770371,3.497024,-5.079810,1.683332,0.594625,-5.411076,-0.524481
6.277443,-0.633814,0.323722,-1.362926,-6.416288,-0.651603,4.759325,-2.397700,-0.343780,4.980305,-1.085303,0.400506,6.195397,-3.014502,-0.382117,0.934879,-3.009831,0.693172,7.807079,-3.480260,-0.872120,3.497024,-5.079810,1.683332,0.593547,-5.396066,-0.521453
6.221254,-0.599319,0.276963,7.860164,-3.241289,-1.994755,4.736890,-2.399259,-0.309091,-1.618757,-5.459112,-0.674315,6.212912,-3.002377,-0.386080,0.934879,-3.009831,0.693172,6.007918,-1.044923,0.543144,3.497024,-5.079810,1.683332,0.594625,-5.411076,-0.524481
6.101932,-0.626915,0.225009,7.539959,-3.196953,-1.968681,4.723978,-2.394863,-0.295645,6.627252,-2.692015,-1.620965,6.216731,-3.023860,-0.373076,0.928210,-3.006075,0.686872,7.813306,-3.402548,-0.917439,3.497024,-5.079810,1.683332,0.587187,-5.421429,-0.530537
-0.670739,-6.249223,-0.537733,7.445027,-3.183789,-1.960077,4.755683,-2.421497,-0.330125,6.605512,-2.681368,-1.580315,6.220707,-3.021064,-0.392856,0.922576,-2.983526,0.690944,7.755624,-3.383271,-0.817482,3.080925,-4.918515,1.491800,0.590909,-5.416253,-0.527515
6.048218,-0.495317,0.144903,-0.527216,-6.205097,-0.700077,4.757687,-2.396452,-0.289077,6.522487,-2.615026,-1.542833,6.234340,-3.026191,-0.408428,0.926677,-2.992295,0.691686,6.074998,-0.889560,0.503349,3.080925,-4.918515,1.491800,0.590909,-5.416253,-0.527515
5.891311,-0.511212,0.076576,-0.476165,-6.195164,-0.695723,4.824126,-2.392002,-0.318248,6.493823,-2.611795,-1.563051,6.232821,-3.011599,-0.388266,0.928210,-3.006075,0.686872,6.081577,-0.878189,0.501488,3.080925,-4.918515,1.491800,0.594625,-5.411076,-0.524481
5.865613,-0.498465,0.060434,-0.374423,-6.175470,-0.687037,4.819797,-2.425829,-0.317681,6.510486,-2.608684,-1.575332,6.238310,-3.023385,-0.428240,0.928210,-3.006075,0.686872,6.085430,-0.861963,0.495624,3.080925,-4.918515,1.491800,0.605753,-5.395528,-0.515316
5.910897,-0.476239,0.073225,-0.329675,-6.168796,-0.703479,4.861412,-2.386167,-0.316120,6.517512,-2.558479,-1.607538,6.229820,-2.984737,-0.395731,0.925637,-3.011089,0.681323,6.088164,-0.866814,0.499640,3.080925,-4.918515,1.491800,0.614243,-5.400162,-0.512216
-0.307960,-5.893664,-0.471779,-0.359502,-6.173238,-0.692524,4.882721,-2.409461,-0.308125,6.499636,-2.598811,-1.540143,6.207438,-2.992934,-0.393873,0.921532,-3.002312,0.680586,6.076130,-0.868487,0.493469,3.080925,-4.918515,1.491800,0.609456,-5.390340,-0.512242
6.017445,-0.353980,0.078982,-0.357695,-6.173417,-0.697778,4.948726,-2.426748,-0.343311,6.532420,-2.590162,-1.562140,1.123605,-3.767903,1.409531,0.922576,-2.983526,0.690944,7.726636,-3.243805,-0.761434,3.080925,-4.918515,1.491800,0.624226,-5.369567,-0.499825
6.080612,-0.258905,0.074703,-0.344586,-6.171013,-0.698005,5.131847,-2.434729,-0.420405,6.645523,-2.613694,-1.603663,1.123436,-3.748270,1.421779,0.939994,-2.999804,0.704310,7.777201,-3.221464,-0.872548,3.080925,-4.918515,1.491800,0.648819,-5.318121,-0.474538
6.154618,-0.162179,0.074862,-0.321970,-6.165867,-0.687957,5.168052,-2.430970,-0.490938,-1.281316,-5.293444,-0.647513,1.125525,-3.762376,1.416582,0.945089,-2.989786,0.715479,7.620264,-3.134624,-0.750673,3.080925,-4.918515,1.491800,0.647707,-5.303129,-0.471382
6.184175,-0.092945,0.064880,-0.271434,-6.156148,-0.683627,5.208392,-2.444490,-0.514725,6.763971,-2.580645,-1.581320,6.231985,-3.004823,-0.410195,0.942975,-2.943564,0.735610,6.127754,-0.472080,0.340215,3.080925,-4.918515,1.491800,-2.987777,-1.897497,-0.261930
6.155938,-0.014769,0.028306,-0.160432,-6.137759,-0.706356,5.315333,-2.414356,-0.609853,6.833768,-2.586561,-1.627830,6.285800,-3.049389,-0.519874,0.966196,-2.931100,0.770965,6.162817,-0.307840,0.291154,2.270844,-4.352890,1.434716,0.706961,-5.184260,-0.408567
6.160740,0.002271,0.025101,-0.094074,-6.126095,-0.712653,5.332779,-2.445296,-0.681397,3.208020,-4.556397,0.590816,6.340477,-3.056351,-0.615364,0.975238,-2.929841,0.783083,6.189293,-0.288193,0.296105,2.894124,-4.838880,1.417743,1.689514,-1.970575,0.787803
6.160740,0.002271,0.025101,-0.066562,-6.121549,-0.718286,5.468544,-2.505076,-0.722034,-1.328142,-5.495230,-0.691320,6.342986,-3.051091,-0.598553,1.012728,-2.938378,0.827021,6.178365,-0.289702,0.291494,2.894124,-4.838880,1.417743,0.764956,-5.114999,-0.356048
6.141879,-0.005646,0.019796,3.102095,-3.713858,0.841449,5.723516,-2.828699,-0.914018,-1.211883,-5.581459,-0.709447,6.460194,-3.090781,-0.631114,1.148611,-2.958679,1.000711,6.169549,-0.296250,0.289853,2.843066,-4.811573,1.404310,0.849149,-5.138200,-0.310775
6.135233,-0.017452,0.020642,3.115530,-3.697379,0.821148,5.760162,-2.832131,-0.959676,7.078737,-2.735191,-1.681250,6.541848,-3.143693,-0.736613,1.228426,-2.954193,1.119440,6.160752,-0.302794,0.288217,2.864342,-4.832226,1.398928,0.972012,-5.303245,-0.279973
2.974858,-3.152057,1.528733,0.070308,-6.098999,-0.746263,5.752967,-2.842844,-0.925422,7.076554,-2.719561,-1.706380,6.548404,-3.135493,-0.739764,1.236395,-2.971190,1.121449,3.205810,-3.946858,1.756618,2.850150,-4.818452,1.402514,0.998338,-5.295467,-0.260123
2.856722,-2.831075,1.373640,0.272559,-6.065601,-0.785118,5.881710,-2.823081,-1.039120,3.241025,-4.337277,0.607911,6.574285,-3.187436,-0.730899,1.248683,-2.978203,1.135810,3.207486,-3.905885,1.749510,6.644494,-3.077653,-0.748272,1.061915,-5.278352,-0.211152
2.902902,-2.704653,1.335620,2.828226,-3.113704,0.612484,5.979140,-2.800818,-1.047764,-0.841287,-5.554400,-0.721910,6.742701,-3.198435,-1.007198,1.242869,-2.956238,1.139949,6.211689,-0.258421,0.295172,2.691932,-3.590593,1.315773,1.104118,-5.242885,-0.169631
0.455805,-5.142181,-0.502503,0.680397,-5.986747,-0.750491,-0.011529,-3.166076,1.851025,3.143308,-4.046739,0.675278,3.596749,-5.658430,0.775600,1.250834,-2.973215,1.141992,3.205996,-3.898170,1.730645,2.457459,-3.317342,1.361421,1.127959,-5.255240,-0.156193
0.479776,-5.118897,-0.512218,0.768902,-5.971431,-0.761889,-0.000551,-3.107156,1.914533,3.084642,-3.974320,0.633580,3.628515,-5.276820,1.084297,1.261241,-2.966749,1.161622,3.170075,-3.849615,1.726986,2.466822,-3.291888,1.395978,1.132952,-5.229161,-0.143923
0.552039,-5.048924,-0.535773,0.864831,-5.957033,-0.798390,0.041469,-3.063343,2.047423,-0.531116,-5.483173,-0.725108,7.700715,-3.235223,-0.895538,1.265223,-2.975228,1.162663,6.153237,-0.255785,0.266766,2.582721,-2.966679,1.269146,-2.616232,-2.980480,-0.308259
2.565403,-2.062862,0.983225,2.670681,-2.635095,0.381180,6.615638,-3.007766,-0.860075,-0.493559,-5.473655,-0.732227,7.706629,-3.174018,-0.870403,1.260950,-2.985204,1.150245,6.118128,-0.223089,0.238725,2.431098,-3.352396,1.351249,-2.610122,-3.000533,-0.278206
2.627491,-2.073014,0.821277,0.415212,-5.296597,-0.928666,6.579835,-3.026347,-0.722108,-0.472722,-5.506141,-0.741007,1.342063,-2.492938,2.241586,1.260950,-2.985204,1.150245,6.129586,-0.194755,0.233659,2.433663,-3.361345,1.344738,-2.606598,-3.011381,-0.272307
0.613772,-5.026326,-0.475950,0.965623,-5.943718,-0.849567,6.597362,-2.980716,-0.780696,-0.495550,-5.499670,-0.753516,7.686831,-3.205555,-0.835133,1.256965,-2.976717,1.149212,6.096117,-0.193862,0.218560,2.420084,-3.358010,1.335116,-2.572483,-3.112396,-0.261813
2.601505,-2.035969,0.571104,0.964253,-5.947599,-0.879346,6.618872,-2.957256,-0.775500,6.825443,-2.458875,-1.714010,7.666495,-3.206661,-0.832855,1.252981,-2.968231,1.148183,5.364526,-0.361317,-0.012829,2.420084,-3.358010,1.335116,-2.552790,-3.169371,-0.268802
